product_id,product_name,category,subcategory,list_price,unit_cost,launch_date
101,Wireless Earbuds,Electronics,Audio,1999.0,1557.99,2023-04-04
102,Over-Ear Headphones,Electronics,Audio,3499.0,2688.57,2023-06-23
103,Bluetooth Speaker,Electronics,Audio,2499.0,1972.57,2023-09-19
104,Smartwatch,Electronics,Wearables,4999.0,3765.09,2023-10-29
105,Fitness Band,Electronics,Wearables,2299.0,1795.64,2023-03-12
106,20000mAh Power Bank,Electronics,Accessories,1499.0,1294.15,2023-02-15
107,65W Fast Charger,Electronics,Accessories,1199.0,984.92,2023-05-31
108,USB-C Cable (2-pack),Electronics,Accessories,399.0,303.05,2023-07-18
109,Mechanical Keyboard,Electronics,Computer,3999.0,3184.39,2023-07-07
110,Wireless Mouse,Electronics,Computer,799.0,657.06,2023-02-01
111,Cotton T-Shirt,Fashion,Menswear,499.0,257.44,2023-10-29
112,Slim Fit Jeans,Fashion,Menswear,1499.0,810.1,2023-05-11
113,Linen Shirt,Fashion,Menswear,1299.0,553.19,2023-08-22
114,Printed Kurta,Fashion,Womenswear,1199.0,523.11,2023-04-13
115,Silk Saree,Fashion,Womenswear,3999.0,1986.79,2023-11-07
116,Anarkali Dress,Fashion,Womenswear,2499.0,1039.66,2022-12-08
117,Running Sneakers,Fashion,Footwear,2999.0,1299.29,2023-02-24
118,Casual Sandals,Fashion,Footwear,899.0,431.51,2023-09-21
119,Denim Jacket,Fashion,Menswear,2199.0,1195.0,2023-05-14
120,Leather Wallet,Fashion,Accessories,699.0,312.83,2023-10-06
121,Non-Stick Cookware Set,Home & Kitchen,Cookware,2799.0,1750.84,2023-07-20
122,Pressure Cooker 5L,Home & Kitchen,Cookware,1899.0,1267.43,2022-12-10
123,Mixer Grinder,Home & Kitchen,Appliances,3299.0,2187.09,2023-11-04
124,Electric Kettle,Home & Kitchen,Appliances,1099.0,748.48,2023-06-12
125,Cotton Bedsheet Set,Home & Kitchen,Furnishing,1299.0,892.42,2023-03-24
126,Steel Water Bottle,Home & Kitchen,Kitchen Tools,449.0,304.11,2023-06-09
127,Storage Containers (6),Home & Kitchen,Kitchen Tools,649.0,410.83,2022-12-20
128,Table Lamp,Home & Kitchen,Decor,999.0,616.12,2023-06-24
129,Diya & Candle Set,Home & Kitchen,Decor,549.0,345.86,2023-10-28
130,Vitamin C Serum,Beauty,Skincare,699.0,262.24,2023-08-09
131,Face Wash,Beauty,Skincare,299.0,113.41,2023-01-25
132,Sunscreen SPF 50,Beauty,Skincare,449.0,205.08,2023-07-12
133,Matte Lipstick,Beauty,Makeup,399.0,158.65,2023-04-11
134,Kajal,Beauty,Makeup,199.0,93.53,2023-10-12
135,Perfume 100ml,Beauty,Fragrance,1499.0,747.84,2023-02-11
136,Beard Grooming Kit,Beauty,Grooming,899.0,359.84,2023-02-14
137,Hair Oil,Beauty,Haircare,249.0,98.16,2023-08-22
138,Bestselling Novel,Books,Fiction,399.0,280.94,2023-02-17
139,Self-Help Paperback,Books,Non-Fiction,349.0,241.9,2023-11-19
140,Competitive Exam Guide,Books,Education,599.0,442.39,2023-10-12
141,Children's Storybook,Books,Kids,249.0,170.11,2023-04-04
142,SQL for Data Analysis,Books,Education,799.0,554.09,2023-06-11
143,Yoga Mat,Sports,Fitness,799.0,458.23,2023-05-04
144,Adjustable Dumbbells,Sports,Fitness,2999.0,1783.33,2023-04-12
145,Resistance Bands,Sports,Fitness,599.0,355.85,2023-02-11
146,English Willow Cricket Bat,Sports,Cricket,4499.0,2910.49,2023-08-12
147,Badminton Racket,Sports,Racket Sports,1299.0,787.62,2022-12-04
148,Football,Sports,Outdoor,699.0,425.79,2023-09-14
